0:58,photo,2024-08-14T09:05:17.589+07:00,2
12:22,photo,2024-08-14T09:05:17.589+07:00,1
0:48,photo,2024-08-14T09:05:17.589+07:00,4
1:41,video,2024-08-14T09:05:17.589+07:00,3
4:57,photo,2024-08-14T09:05:17.589+07:00,6
23:18,link,2024-08-14T09:05:17.589+07:00,1
9:12,video,2024-08-14T09:05:17.589+07:00,1
8:15,video,2024-08-14T09:05:17.589+07:00,1
22:42,photo,2024-08-14T09:05:17.589+07:00,3
9:09,link,2024-08-14T09:05:17.589+07:00,1
7:49,photo,2024-08-14T09:05:17.589+07:00,3
2:38,video,2024-08-14T09:05:17.589+07:00,2
3:27,status,2024-08-14T09:05:17.589+07:00,1
