3:13,photo,2024-08-14T09:05:17.589+07:00,6
7:02,photo,2024-08-14T09:05:17.589+07:00,2
22:06,video,2024-08-14T09:05:17.589+07:00,1
8:27,photo,2024-08-14T09:05:17.589+07:00,4
0:01,photo,2024-08-14T09:05:17.589+07:00,4
9:00,video,2024-08-14T09:05:17.589+07:00,5
6:27,video,2024-08-14T09:05:17.589+07:00,1
5:22,status,2024-08-14T09:05:17.589+07:00,1
5:05,photo,2024-08-14T09:05:17.589+07:00,2
1:28,video,2024-08-14T09:05:17.589+07:00,3
2:59,link,2024-08-14T09:05:17.589+07:00,2
9:04,video,2024-08-14T09:05:17.589+07:00,3
