10:09,video,2024-08-14T09:05:17.589+07:00,2
12:09,video,2024-08-14T09:05:17.589+07:00,3
8:21,video,2024-08-14T09:05:17.589+07:00,2
6:31,video,2024-08-14T09:05:17.589+07:00,3
4:55,status,2024-08-14T09:05:17.589+07:00,1
4:02,status,2024-08-14T09:05:17.589+07:00,1
6:18,video,2024-08-14T09:05:17.589+07:00,3
10:12,photo,2024-08-14T09:05:17.589+07:00,5
21:25,video,2024-08-14T09:05:17.589+07:00,1
7:57,video,2024-08-14T09:05:17.589+07:00,2
0:43,video,2024-08-14T09:05:17.589+07:00,1
5:04,photo,2024-08-14T09:05:17.589+07:00,3
8:36,photo,2024-08-14T09:05:17.589+07:00,2
