0:11,video,2024-08-14T09:05:17.589+07:00,3
10:11,photo,2024-08-14T09:05:17.589+07:00,3
1:14,photo,2024-08-14T09:05:17.589+07:00,8
4:01,photo,2024-08-14T09:05:17.589+07:00,4
13:49,video,2024-08-14T09:05:17.589+07:00,1
10:47,photo,2024-08-14T09:05:17.589+07:00,3
6:45,photo,2024-08-14T09:05:17.589+07:00,2
1:04,video,2024-08-14T09:05:17.589+07:00,4
5:45,photo,2024-08-14T09:05:17.589+07:00,2
8:56,status,2024-08-14T09:05:17.589+07:00,1
8:25,link,2024-08-14T09:05:17.589+07:00,1
0:56,status,2024-08-14T09:05:17.589+07:00,1
