3:58,photo,2024-08-14T09:05:17.589+07:00,4
8:31,photo,2024-08-14T09:05:17.589+07:00,6
2:39,status,2024-08-14T09:05:17.589+07:00,1
7:12,photo,2024-08-14T09:05:17.589+07:00,6
6:02,photo,2024-08-14T09:05:17.589+07:00,4
1:44,video,2024-08-14T09:05:17.589+07:00,3
4:08,video,2024-08-14T09:05:17.589+07:00,1
8:32,photo,2024-08-14T09:05:17.589+07:00,3
1:16,photo,2024-08-14T09:05:17.589+07:00,5
0:39,video,2024-08-14T09:05:17.589+07:00,1
10:28,photo,2024-08-14T09:05:17.589+07:00,3
7:56,photo,2024-08-14T09:05:17.589+07:00,7
23:59,status,2024-08-14T09:05:17.589+07:00,1
7:37,video,2024-08-14T09:05:17.589+07:00,4
10:59,photo,2024-08-14T09:05:17.589+07:00,2
