2:13,photo,2024-08-14T09:05:17.589+07:00,3
21:41,photo,2024-08-14T09:05:17.589+07:00,3
0:37,photo,2024-08-14T09:05:17.589+07:00,5
23:14,photo,2024-08-14T09:05:17.589+07:00,6
8:24,photo,2024-08-14T09:05:17.589+07:00,11
22:21,photo,2024-08-14T09:05:17.589+07:00,3
2:40,photo,2024-08-14T09:05:17.589+07:00,5
2:57,status,2024-08-14T09:05:17.589+07:00,1
22:22,status,2024-08-14T09:05:17.589+07:00,2
3:37,video,2024-08-14T09:05:17.589+07:00,1
7:37,photo,2024-08-14T09:05:17.589+07:00,3
21:42,photo,2024-08-14T09:05:17.589+07:00,2
1:25,video,2024-08-14T09:05:17.589+07:00,2
12:25,video,2024-08-14T09:05:17.589+07:00,2
20:41,status,2024-08-14T09:05:17.589+07:00,1
