0:41,photo,2024-08-14T09:05:17.589+07:00,3
8:16,video,2024-08-14T09:05:17.589+07:00,4
10:15,photo,2024-08-14T09:05:17.589+07:00,2
1:02,photo,2024-08-14T09:05:17.589+07:00,3
5:08,status,2024-08-14T09:05:17.589+07:00,1
12:35,photo,2024-08-14T09:05:17.589+07:00,1
22:07,status,2024-08-14T09:05:17.589+07:00,1
3:48,video,2024-08-14T09:05:17.589+07:00,4
2:08,video,2024-08-14T09:05:17.589+07:00,1
6:19,video,2024-08-14T09:05:17.589+07:00,1
12:06,photo,2024-08-14T09:05:17.589+07:00,2
9:34,status,2024-08-14T09:05:17.589+07:00,1
