4:32,video,2024-08-14T09:05:17.589+07:00,2
6:46,status,2024-08-14T09:05:17.589+07:00,1
9:23,video,2024-08-14T09:05:17.589+07:00,4
11:37,video,2024-08-14T09:05:17.589+07:00,1
2:20,photo,2024-08-14T09:05:17.589+07:00,3
5:46,photo,2024-08-14T09:05:17.589+07:00,1
9:31,photo,2024-08-14T09:05:17.589+07:00,3
1:23,video,2024-08-14T09:05:17.589+07:00,2
0:44,status,2024-08-14T09:05:17.589+07:00,1
5:02,photo,2024-08-14T09:05:17.589+07:00,3
4:01,status,2024-08-14T09:05:17.589+07:00,1
7:33,video,2024-08-14T09:05:17.589+07:00,2
