6:50,video,2024-08-14T09:05:17.589+07:00,1
8:24,video,2024-08-14T09:05:17.589+07:00,3
5:56,photo,2024-08-14T09:05:17.589+07:00,4
0:23,photo,2024-08-14T09:05:17.589+07:00,4
4:30,video,2024-08-14T09:05:17.589+07:00,1
23:51,photo,2024-08-14T09:05:17.589+07:00,2
2:28,status,2024-08-14T09:05:17.589+07:00,1
15:39,photo,2024-08-14T09:05:17.589+07:00,2
23:41,status,2024-08-14T09:05:17.589+07:00,1
0:01,video,2024-08-14T09:05:17.589+07:00,1
10:59,video,2024-08-14T09:05:17.589+07:00,1
10:53,photo,2024-08-14T09:05:17.589+07:00,3
