5:00,status,2024-08-14T09:05:17.589+07:00,1
1:59,video,2024-08-14T09:05:17.589+07:00,1
4:50,video,2024-08-14T09:05:17.589+07:00,2
8:10,video,2024-08-14T09:05:17.589+07:00,3
0:34,photo,2024-08-14T09:05:17.589+07:00,1
12:40,photo,2024-08-14T09:05:17.589+07:00,1
21:02,photo,2024-08-14T09:05:17.589+07:00,1
8:28,photo,2024-08-14T09:05:17.589+07:00,9
11:58,photo,2024-08-14T09:05:17.589+07:00,1
6:26,photo,2024-08-14T09:05:17.589+07:00,5
6:01,photo,2024-08-14T09:05:17.589+07:00,5
11:36,photo,2024-08-14T09:05:17.589+07:00,2
