7:34,video,2024-08-14T09:05:17.589+07:00,2
0:53,photo,2024-08-14T09:05:17.589+07:00,2
9:00,photo,2024-08-14T09:05:17.589+07:00,6
22:12,photo,2024-08-14T09:05:17.589+07:00,3
21:53,photo,2024-08-14T09:05:17.589+07:00,4
5:22,video,2024-08-14T09:05:17.589+07:00,2
0:20,video,2024-08-14T09:05:17.589+07:00,2
12:07,link,2024-08-14T09:05:17.589+07:00,1
8:08,video,2024-08-14T09:05:17.589+07:00,1
6:48,photo,2024-08-14T09:05:17.589+07:00,1
1:21,video,2024-08-14T09:05:17.589+07:00,1
22:28,photo,2024-08-14T09:05:17.589+07:00,5
