0:30,photo,2024-08-14T09:05:17.589+07:00,2
7:09,video,2024-08-14T09:05:17.589+07:00,2
21:13,photo,2024-08-14T09:05:17.589+07:00,2
22:51,video,2024-08-14T09:05:17.589+07:00,1
5:13,photo,2024-08-14T09:05:17.589+07:00,5
8:23,video,2024-08-14T09:05:17.589+07:00,4
5:18,photo,2024-08-14T09:05:17.589+07:00,2
0:05,photo,2024-08-14T09:05:17.589+07:00,3
5:51,video,2024-08-14T09:05:17.589+07:00,6
4:26,video,2024-08-14T09:05:17.589+07:00,5
2:13,link,2024-08-14T09:05:17.589+07:00,1
8:45,video,2024-08-14T09:05:17.589+07:00,2
23:58,photo,2024-08-14T09:05:17.589+07:00,3
