3:14,photo,2024-08-14T09:05:17.589+07:00,4
20:49,photo,2024-08-14T09:05:17.589+07:00,1
8:56,photo,2024-08-14T09:05:17.589+07:00,5
3:48,status,2024-08-14T09:05:17.589+07:00,2
21:50,photo,2024-08-14T09:05:17.589+07:00,1
22:07,video,2024-08-14T09:05:17.589+07:00,1
1:06,video,2024-08-14T09:05:17.589+07:00,3
23:03,photo,2024-08-14T09:05:17.589+07:00,4
9:34,video,2024-08-14T09:05:17.589+07:00,1
3:05,photo,2024-08-14T09:05:17.589+07:00,7
23:22,video,2024-08-14T09:05:17.589+07:00,1
1:18,photo,2024-08-14T09:05:17.589+07:00,2
10:13,video,2024-08-14T09:05:17.589+07:00,2
