9:56,photo,2024-08-14T09:05:17.589+07:00,3
5:26,photo,2024-08-14T09:05:17.589+07:00,7
2:11,video,2024-08-14T09:05:17.589+07:00,2
2:56,photo,2024-08-14T09:05:17.589+07:00,5
7:30,video,2024-08-14T09:05:17.589+07:00,1
4:55,photo,2024-08-14T09:05:17.589+07:00,5
2:07,video,2024-08-14T09:05:17.589+07:00,1
13:06,photo,2024-08-14T09:05:17.589+07:00,1
1:44,photo,2024-08-14T09:05:17.589+07:00,2
3:02,photo,2024-08-14T09:05:17.589+07:00,2
13:40,video,2024-08-14T09:05:17.589+07:00,1
8:06,photo,2024-08-14T09:05:17.589+07:00,3
