20:11,photo,2024-08-14T09:05:17.589+07:00,1
9:27,video,2024-08-14T09:05:17.589+07:00,3
4:31,video,2024-08-14T09:05:17.589+07:00,1
23:20,photo,2024-08-14T09:05:17.589+07:00,9
5:01,video,2024-08-14T09:05:17.589+07:00,3
5:01,photo,2024-08-14T09:05:17.589+07:00,2
8:32,video,2024-08-14T09:05:17.589+07:00,4
5:16,photo,2024-08-14T09:05:17.589+07:00,2
2:01,video,2024-08-14T09:05:17.589+07:00,1
15:47,photo,2024-08-14T09:05:17.589+07:00,1
0:35,video,2024-08-14T09:05:17.589+07:00,4
4:30,photo,2024-08-14T09:05:17.589+07:00,10
4:47,photo,2024-08-14T09:05:17.589+07:00,3
22:35,photo,2024-08-14T09:05:17.589+07:00,4
21:58,photo,2024-08-14T09:05:17.589+07:00,1
10:07,video,2024-08-14T09:05:17.589+07:00,2
