9:17,link,2024-08-14T09:05:17.589+07:00,1
20:12,photo,2024-08-14T09:05:17.589+07:00,2
1:13,photo,2024-08-14T09:05:17.589+07:00,5
22:23,photo,2024-08-14T09:05:17.589+07:00,3
13:11,photo,2024-08-14T09:05:17.589+07:00,1
6:18,photo,2024-08-14T09:05:17.589+07:00,2
10:43,photo,2024-08-14T09:05:17.589+07:00,2
4:10,photo,2024-08-14T09:05:17.589+07:00,3
5:48,photo,2024-08-14T09:05:17.589+07:00,1
3:41,video,2024-08-14T09:05:17.589+07:00,3
10:14,video,2024-08-14T09:05:17.589+07:00,1
22:39,photo,2024-08-14T09:05:17.589+07:00,2
23:56,video,2024-08-14T09:05:17.589+07:00,1
20:55,photo,2024-08-14T09:05:17.589+07:00,2
11:39,photo,2024-08-14T09:05:17.589+07:00,1
11:49,video,2024-08-14T09:05:17.589+07:00,1
22:54,video,2024-08-14T09:05:17.589+07:00,2
