10:06,video,2024-08-14T09:05:17.589+07:00,2
23:08,video,2024-08-14T09:05:17.589+07:00,1
21:21,photo,2024-08-14T09:05:17.589+07:00,2
5:10,photo,2024-08-14T09:05:17.589+07:00,4
4:11,video,2024-08-14T09:05:17.589+07:00,3
5:59,photo,2024-08-14T09:05:17.589+07:00,4
1:38,photo,2024-08-14T09:05:17.589+07:00,1
2:45,photo,2024-08-14T09:05:17.589+07:00,8
9:35,video,2024-08-14T09:05:17.589+07:00,1
2:52,photo,2024-08-14T09:05:17.589+07:00,2
12:27,video,2024-08-14T09:05:17.589+07:00,2
6:12,video,2024-08-14T09:05:17.589+07:00,2
5:36,photo,2024-08-14T09:05:17.589+07:00,3
5:52,video,2024-08-14T09:05:17.589+07:00,2
0:00,photo,2024-08-14T09:05:17.589+07:00,8
