2:36,photo,2024-08-14T09:05:17.589+07:00,6
7:25,video,2024-08-14T09:05:17.589+07:00,3
9:02,photo,2024-08-14T09:05:17.589+07:00,4
22:40,video,2024-08-14T09:05:17.589+07:00,3
3:57,photo,2024-08-14T09:05:17.589+07:00,3
0:03,photo,2024-08-14T09:05:17.589+07:00,7
22:50,photo,2024-08-14T09:05:17.589+07:00,7
5:28,video,2024-08-14T09:05:17.589+07:00,1
1:53,photo,2024-08-14T09:05:17.589+07:00,2
21:41,video,2024-08-14T09:05:17.589+07:00,1
3:17,status,2024-08-14T09:05:17.589+07:00,1
4:36,video,2024-08-14T09:05:17.589+07:00,1
21:40,photo,2024-08-14T09:05:17.589+07:00,1
7:34,photo,2024-08-14T09:05:17.589+07:00,6
6:46,photo,2024-08-14T09:05:17.589+07:00,1
