9:12,status,2024-08-14T09:05:17.589+07:00,2
5:50,photo,2024-08-14T09:05:17.589+07:00,6
2:17,photo,2024-08-14T09:05:17.589+07:00,1
6:21,status,2024-08-14T09:05:17.589+07:00,2
3:22,video,2024-08-14T09:05:17.589+07:00,2
5:27,photo,2024-08-14T09:05:17.589+07:00,3
1:51,photo,2024-08-14T09:05:17.589+07:00,7
22:53,status,2024-08-14T09:05:17.589+07:00,1
8:41,video,2024-08-14T09:05:17.589+07:00,3
2:29,video,2024-08-14T09:05:17.589+07:00,1
2:48,video,2024-08-14T09:05:17.589+07:00,2
4:56,status,2024-08-14T09:05:17.589+07:00,1
