5:15,photo,2024-08-14T09:05:17.589+07:00,6
10:29,status,2024-08-14T09:05:17.589+07:00,1
5:39,video,2024-08-14T09:05:17.589+07:00,1
19:44,photo,2024-08-14T09:05:17.589+07:00,1
22:59,photo,2024-08-14T09:05:17.589+07:00,3
9:28,status,2024-08-14T09:05:17.589+07:00,2
8:25,video,2024-08-14T09:05:17.589+07:00,1
13:44,photo,2024-08-14T09:05:17.589+07:00,1
9:19,video,2024-08-14T09:05:17.589+07:00,2
3:54,photo,2024-08-14T09:05:17.589+07:00,3
9:55,video,2024-08-14T09:05:17.589+07:00,4
6:15,video,2024-08-14T09:05:17.589+07:00,1
22:26,photo,2024-08-14T09:05:17.589+07:00,3
