7:33,photo,2024-08-14T09:05:17.589+07:00,5
1:36,video,2024-08-14T09:05:17.589+07:00,2
2:12,status,2024-08-14T09:05:17.589+07:00,1
11:20,video,2024-08-14T09:05:17.589+07:00,1
23:55,video,2024-08-14T09:05:17.589+07:00,2
20:26,photo,2024-08-14T09:05:17.589+07:00,1
3:09,photo,2024-08-14T09:05:17.589+07:00,3
8:05,video,2024-08-14T09:05:17.589+07:00,5
1:23,status,2024-08-14T09:05:17.589+07:00,1
9:20,video,2024-08-14T09:05:17.589+07:00,2
2:27,video,2024-08-14T09:05:17.589+07:00,1
22:41,status,2024-08-14T09:05:17.589+07:00,1
11:28,status,2024-08-14T09:05:17.589+07:00,1
