7:05,video,2024-08-14T09:05:17.589+07:00,3
6:14,photo,2024-08-14T09:05:17.589+07:00,3
2:18,photo,2024-08-14T09:05:17.589+07:00,4
1:42,photo,2024-08-14T09:05:17.589+07:00,6
0:58,video,2024-08-14T09:05:17.589+07:00,5
6:31,photo,2024-08-14T09:05:17.589+07:00,3
7:31,status,2024-08-14T09:05:17.589+07:00,1
8:28,video,2024-08-14T09:05:17.589+07:00,7
19:28,video,2024-08-14T09:05:17.589+07:00,1
6:58,photo,2024-08-14T09:05:17.589+07:00,3
22:58,photo,2024-08-14T09:05:17.589+07:00,6
6:33,video,2024-08-14T09:05:17.589+07:00,3
8:32,status,2024-08-14T09:05:17.589+07:00,1
6:42,status,2024-08-14T09:05:17.589+07:00,1
7:02,status,2024-08-14T09:05:17.589+07:00,1
