12:29,video,2024-08-14T09:05:17.589+07:00,1
13:57,photo,2024-08-14T09:05:17.589+07:00,1
22:39,status,2024-08-14T09:05:17.589+07:00,1
22:07,photo,2024-08-14T09:05:17.589+07:00,4
23:34,link,2024-08-14T09:05:17.589+07:00,1
8:03,video,2024-08-14T09:05:17.589+07:00,3
19:36,status,2024-08-14T09:05:17.589+07:00,1
9:16,photo,2024-08-14T09:05:17.589+07:00,6
5:32,video,2024-08-14T09:05:17.589+07:00,1
4:25,photo,2024-08-14T09:05:17.589+07:00,4
2:49,photo,2024-08-14T09:05:17.589+07:00,4
2:47,video,2024-08-14T09:05:17.589+07:00,1
5:15,video,2024-08-14T09:05:17.589+07:00,2
