22:48,photo,2024-08-14T09:05:17.589+07:00,5
22:30,photo,2024-08-14T09:05:17.589+07:00,3
23:32,photo,2024-08-14T09:05:17.589+07:00,7
22:49,status,2024-08-14T09:05:17.589+07:00,2
22:47,photo,2024-08-14T09:05:17.589+07:00,6
11:18,photo,2024-08-14T09:05:17.589+07:00,1
3:56,photo,2024-08-14T09:05:17.589+07:00,4
23:39,status,2024-08-14T09:05:17.589+07:00,1
1:22,photo,2024-08-14T09:05:17.589+07:00,6
22:39,video,2024-08-14T09:05:17.589+07:00,4
1:50,status,2024-08-14T09:05:17.589+07:00,2
23:21,video,2024-08-14T09:05:17.589+07:00,3
