4:03,photo,2024-08-14T09:05:17.589+07:00,5
8:43,video,2024-08-14T09:05:17.589+07:00,2
3:53,video,2024-08-14T09:05:17.589+07:00,2
6:49,photo,2024-08-14T09:05:17.589+07:00,4
23:21,photo,2024-08-14T09:05:17.589+07:00,2
2:14,video,2024-08-14T09:05:17.589+07:00,3
4:44,video,2024-08-14T09:05:17.589+07:00,3
3:46,video,2024-08-14T09:05:17.589+07:00,2
8:11,photo,2024-08-14T09:05:17.589+07:00,3
0:24,photo,2024-08-14T09:05:17.589+07:00,4
2:43,video,2024-08-14T09:05:17.589+07:00,2
9:05,photo,2024-08-14T09:05:17.589+07:00,5
1:08,status,2024-08-14T09:05:17.589+07:00,1
6:33,photo,2024-08-14T09:05:17.589+07:00,2
