23:08,photo,2024-08-14T09:05:17.589+07:00,2
10:25,photo,2024-08-14T09:05:17.589+07:00,1
1:46,status,2024-08-14T09:05:17.589+07:00,2
3:09,status,2024-08-14T09:05:17.589+07:00,1
10:52,video,2024-08-14T09:05:17.589+07:00,1
12:05,photo,2024-08-14T09:05:17.589+07:00,1
22:01,photo,2024-08-14T09:05:17.589+07:00,3
4:36,status,2024-08-14T09:05:17.589+07:00,1
3:06,photo,2024-08-14T09:05:17.589+07:00,3
10:35,video,2024-08-14T09:05:17.589+07:00,1
11:19,photo,2024-08-14T09:05:17.589+07:00,3
22:38,link,2024-08-14T09:05:17.589+07:00,1
