3:49,video,2024-08-14T09:05:17.589+07:00,1
20:57,photo,2024-08-14T09:05:17.589+07:00,2
9:06,status,2024-08-14T09:05:17.589+07:00,1
22:28,video,2024-08-14T09:05:17.589+07:00,1
7:53,photo,2024-08-14T09:05:17.589+07:00,4
22:40,photo,2024-08-14T09:05:17.589+07:00,7
10:26,video,2024-08-14T09:05:17.589+07:00,1
4:53,video,2024-08-14T09:05:17.589+07:00,2
22:11,photo,2024-08-14T09:05:17.589+07:00,2
8:42,photo,2024-08-14T09:05:17.589+07:00,3
7:16,photo,2024-08-14T09:05:17.589+07:00,5
1:14,video,2024-08-14T09:05:17.589+07:00,3
