0:48,status,2024-08-14T09:05:17.589+07:00,1
7:31,photo,2024-08-14T09:05:17.589+07:00,2
22:33,status,2024-08-14T09:05:17.589+07:00,1
23:02,video,2024-08-14T09:05:17.589+07:00,1
3:22,photo,2024-08-14T09:05:17.589+07:00,3
0:46,video,2024-08-14T09:05:17.589+07:00,1
0:09,photo,2024-08-14T09:05:17.589+07:00,4
2:55,status,2024-08-14T09:05:17.589+07:00,1
22:36,video,2024-08-14T09:05:17.589+07:00,3
8:13,photo,2024-08-14T09:05:17.589+07:00,4
5:06,photo,2024-08-14T09:05:17.589+07:00,2
10:22,status,2024-08-14T09:05:17.589+07:00,1
