8:10,link,2024-08-14T09:05:17.589+07:00,1
7:42,photo,2024-08-14T09:05:17.589+07:00,4
12:10,photo,2024-08-14T09:05:17.589+07:00,3
2:29,photo,2024-08-14T09:05:17.589+07:00,2
11:57,photo,2024-08-14T09:05:17.589+07:00,2
12:50,photo,2024-08-14T09:05:17.589+07:00,1
5:37,photo,2024-08-14T09:05:17.589+07:00,4
0:55,photo,2024-08-14T09:05:17.589+07:00,4
3:24,video,2024-08-14T09:05:17.589+07:00,2
1:56,video,2024-08-14T09:05:17.589+07:00,3
5:39,photo,2024-08-14T09:05:17.589+07:00,4
20:24,photo,2024-08-14T09:05:17.589+07:00,1
9:18,photo,2024-08-14T09:05:17.589+07:00,6
